Entity,Code,Year,kg per ha
Albania,ALB,1993,0.17
Albania,ALB,1994,0.29
Albania,ALB,1995,0.36
Algeria,DZA,1990,1.3
Algeria,DZA,1991,1.74
Algeria,DZA,1992,0.75
Algeria,DZA,1993,0.69
Algeria,DZA,1994,0.79
Algeria,DZA,1995,1.47
Algeria,DZA,1996,0.34
Algeria,DZA,1997,0.28
Algeria,DZA,1998,0.13
Algeria,DZA,1999,0.33
Algeria,DZA,2004,1.24
Algeria,DZA,2005,0.87
Algeria,DZA,2006,0.85
Algeria,DZA,2007,1.23
Algeria,DZA,2008,2.13
Algeria,DZA,2009,0.98
Algeria,DZA,2010,0.47
Algeria,DZA,2011,2.67
Algeria,DZA,2012,3.22
Algeria,DZA,2013,3.06
Algeria,DZA,2014,2.61
Angola,AGO,1990,0.02
Angola,AGO,1991,0.02
Angola,AGO,1992,0.01
Angola,AGO,1993,0.05
Angola,AGO,1994,0.01
Angola,AGO,1995,0.1
Angola,AGO,1996,0.01
Antigua and Barbuda,ATG,2010,1.53
Antigua and Barbuda,ATG,2011,7.85
Antigua and Barbuda,ATG,2012,6.3
Antigua and Barbuda,ATG,2013,5.66
Argentina,ARG,1993,0.94
Argentina,ARG,1994,1.08
Argentina,ARG,1995,1.35
Argentina,ARG,1996,1.93
Argentina,ARG,1997,2.74
Argentina,ARG,1998,2.19
Argentina,ARG,2006,4.95
Argentina,ARG,2007,5.92
Argentina,ARG,2008,6.54
Argentina,ARG,2009,4.7
Argentina,ARG,2010,7.25
Argentina,ARG,2011,6.69
Argentina,ARG,2014,5.17
Armenia,ARM,1993,0.02
Armenia,ARM,1994,0.05
Armenia,ARM,1995,0.05
Armenia,ARM,1996,0.06
Armenia,ARM,2003,0.2
Armenia,ARM,2004,0.41
Armenia,ARM,2005,0.44
Armenia,ARM,2006,0.45
Armenia,ARM,2007,0.48
Armenia,ARM,2008,0.43
Armenia,ARM,2009,0.39
Armenia,ARM,2010,0.55
Armenia,ARM,2011,1.86
Armenia,ARM,2012,2.08
Armenia,ARM,2013,1.43
Australia,AUS,1990,0.37
Australia,AUS,1991,0.39
Australia,AUS,1992,0.47
Australia,AUS,1993,0.51
Australia,AUS,1994,0.44
Australia,AUS,1995,0.64
Australia,AUS,1996,0.85
Australia,AUS,1997,0.85
Australia,AUS,1998,0.84
Australia,AUS,1999,0.75
Australia,AUS,2000,0.7
Australia,AUS,2001,0.65
Australia,AUS,2002,0.55
Australia,AUS,2003,0.68
Australia,AUS,2004,0.75
Australia,AUS,2005,0.69
Australia,AUS,2006,0.75
Austria,AUT,1990,2.82
Austria,AUT,1991,2.94
Austria,AUT,1992,2.59
Austria,AUT,1993,2.66
Austria,AUT,1994,2.41
Austria,AUT,1995,2.28
Austria,AUT,1996,2.4
Austria,AUT,1997,2.49
Austria,AUT,1998,2.26
Austria,AUT,1999,2.32
Austria,AUT,2000,2.42
Austria,AUT,2001,2.15
Austria,AUT,2002,2.11
Austria,AUT,2003,2.33
Austria,AUT,2004,2.28
Austria,AUT,2005,2.35
Austria,AUT,2006,2.36
Austria,AUT,2007,2.44
Austria,AUT,2008,2.96
Austria,AUT,2009,2.46
Austria,AUT,2010,2.58
Austria,AUT,2011,2.42
Austria,AUT,2012,2.51
Austria,AUT,2013,2.19
Austria,AUT,2014,2.39
Azerbaijan,AZE,2007,0.07
Azerbaijan,AZE,2008,0.13
Azerbaijan,AZE,2009,0.15
Azerbaijan,AZE,2010,0.16
Azerbaijan,AZE,2011,0.22
Azerbaijan,AZE,2012,0.24
Azerbaijan,AZE,2013,0.23
Azerbaijan,AZE,2014,0.25
Bahamas,BHS,2000,107.72
Bahamas,BHS,2001,83.53
Bahamas,BHS,2002,85.26
Bahamas,BHS,2003,73.02
Bahamas,BHS,2004,65.68
Bahamas,BHS,2005,78.1
Bahamas,BHS,2006,68.52
Bahrain,BHR,1993,2.81
Bahrain,BHR,1994,6.17
Bahrain,BHR,1995,2.49
Bahrain,BHR,1996,2.43
Bahrain,BHR,1997,1.88
Bahrain,BHR,1998,2.23
Bahrain,BHR,1999,2.08
Bahrain,BHR,2000,1.66
Bahrain,BHR,2001,1.77
Bahrain,BHR,2002,0.18
Bahrain,BHR,2003,1.23
Bahrain,BHR,2004,2.6
Bahrain,BHR,2005,2.71
Bahrain,BHR,2006,2.66
Bahrain,BHR,2007,3.69
Bahrain,BHR,2008,2.49
Bahrain,BHR,2009,2.89
Bahrain,BHR,2010,2.14
Bahrain,BHR,2011,1.99
Bangladesh,BGD,1990,0.13
Bangladesh,BGD,1991,0.13
Bangladesh,BGD,1992,0.16
Bangladesh,BGD,1993,0.17
Bangladesh,BGD,1995,0.19
Bangladesh,BGD,1996,0.22
Bangladesh,BGD,1997,0.23
Bangladesh,BGD,1998,0.23
Bangladesh,BGD,1999,0.28
Bangladesh,BGD,2000,0.36
Bangladesh,BGD,2001,1.52
Bangladesh,BGD,2002,1.32
Bangladesh,BGD,2003,1.58
Bangladesh,BGD,2004,2.03
Bangladesh,BGD,2005,2.29
Bangladesh,BGD,2006,2.68
Bangladesh,BGD,2007,3.33
Bangladesh,BGD,2008,3.94
Bangladesh,BGD,2009,1.59
Bangladesh,BGD,2010,1.54
Bangladesh,BGD,2011,1.74
Bangladesh,BGD,2012,1.56
Bangladesh,BGD,2013,1.8
Bangladesh,BGD,2014,1.86
Barbados,BRB,1993,32.35
Barbados,BRB,1994,30.24
Barbados,BRB,1995,39.06
Barbados,BRB,1996,27.94
Barbados,BRB,1997,9.91
Belgium,BEL,2000,10.83
Belgium,BEL,2001,9.85
Belgium,BEL,2002,10.79
Belgium,BEL,2003,10.3
Belgium,BEL,2004,10.67
Belgium,BEL,2005,11.31
Belgium,BEL,2007,7.81
Belgium,BEL,2008,7.53
Belgium,BEL,2009,6.38
Belgium,BEL,2010,5.43
Belgium,BEL,2011,6.78
Belgium,BEL,2012,7.44
Belgium,BEL,2013,7.04
Belgium,BEL,2014,7.73
Belgium-Luxembourg,,1993,10.56
Belgium-Luxembourg,,1994,8.82
Belgium-Luxembourg,,1995,10.1
Belgium-Luxembourg,,1996,9.94
Belgium-Luxembourg,,1997,9.34
Belgium-Luxembourg,,1998,10.19
Belgium-Luxembourg,,1999,9.89
Belize,BLZ,1990,10.01
Belize,BLZ,1991,8.59
Belize,BLZ,1992,11.46
Belize,BLZ,1998,13.9
Belize,BLZ,1999,13.62
Belize,BLZ,2000,13.09
Belize,BLZ,2001,17.36
Belize,BLZ,2006,7.55
Belize,BLZ,2007,6.61
Belize,BLZ,2008,9.65
Belize,BLZ,2009,7.51
Belize,BLZ,2010,6.55
Belize,BLZ,2011,7.73
Belize,BLZ,2012,5.8
Belize,BLZ,2013,9.42
Belize,BLZ,2014,8
Bhutan,BTN,1990,0.23
Bhutan,BTN,1991,0.21
Bhutan,BTN,1992,0.14
Bhutan,BTN,1993,0.12
Bhutan,BTN,1994,0.49
Bhutan,BTN,1995,0.6
Bhutan,BTN,1996,0.65
Bhutan,BTN,1997,0.03
Bhutan,BTN,1998,0.04
Bhutan,BTN,1999,0.04
Bhutan,BTN,2000,0.07
Bhutan,BTN,2002,0.05
Bhutan,BTN,2003,0.13
Bhutan,BTN,2004,0.15
Bhutan,BTN,2005,0.04
Bhutan,BTN,2006,0.1
Bhutan,BTN,2007,0.13
Bhutan,BTN,2008,0.15
Bhutan,BTN,2009,0.15
Bhutan,BTN,2010,0.18
Bhutan,BTN,2011,0.18
Bhutan,BTN,2012,0.16
Bhutan,BTN,2013,0.13
Bhutan,BTN,2014,0.11
Bolivia,BOL,1990,2.11
Bolivia,BOL,1991,1.52
Bolivia,BOL,1992,0.84
Bolivia,BOL,1993,1.27
Bolivia,BOL,2003,3.53
Bolivia,BOL,2004,4.59
Bolivia,BOL,2005,4.92
Bolivia,BOL,2006,5.17
Bolivia,BOL,2007,5.16
Bolivia,BOL,2008,5.34
Bolivia,BOL,2009,6.01
Bolivia,BOL,2010,7.05
Bolivia,BOL,2011,7.39
Bolivia,BOL,2012,8.09
Bolivia,BOL,2013,9.54
Bolivia,BOL,2014,8.59
Botswana,BWA,1990,0.04
Botswana,BWA,1991,0.06
Botswana,BWA,1992,0.07
Brazil,BRA,1990,0.87
Brazil,BRA,1999,1.8
Brazil,BRA,2000,1.98
Brazil,BRA,2001,2.06
Brazil,BRA,2002,1.89
Brazil,BRA,2003,2.27
Brazil,BRA,2004,2.55
Brazil,BRA,2005,2.72
Brazil,BRA,2006,2.8
Brazil,BRA,2007,3.63
Brazil,BRA,2008,3.67
Brazil,BRA,2009,3.89
Brazil,BRA,2010,4.02
Brazil,BRA,2011,3.92
Brazil,BRA,2012,3.94
Brazil,BRA,2013,4.36
Brunei,BRN,2005,0.3
Brunei,BRN,2006,1.42
Brunei,BRN,2007,1.71
Brunei,BRN,2008,0.75
Brunei,BRN,2009,2.79
Brunei,BRN,2010,3.85
Brunei,BRN,2011,0.91
Brunei,BRN,2012,0.16
Brunei,BRN,2013,1.09
Brunei,BRN,2014,1.87
Bulgaria,BGR,1992,0.9
Bulgaria,BGR,2012,0.38
Bulgaria,BGR,2013,0.33
Bulgaria,BGR,2014,0.28
Burkina Faso,BFA,1992,0.01
Burkina Faso,BFA,1993,0
Burkina Faso,BFA,1994,0
Burkina Faso,BFA,1995,0
Burkina Faso,BFA,1998,0.17
Burkina Faso,BFA,2003,0.02
Burkina Faso,BFA,2004,0.01
Burkina Faso,BFA,2005,0.09
Burkina Faso,BFA,2006,0.12
Burkina Faso,BFA,2007,0.36
Burkina Faso,BFA,2008,0.16
Burkina Faso,BFA,2009,0.18
Burkina Faso,BFA,2010,0.07
Burkina Faso,BFA,2011,0.15
Burundi,BDI,1992,0.07
Burundi,BDI,1993,0.07
Burundi,BDI,1994,0.06
Burundi,BDI,1995,0.11
Burundi,BDI,1996,0.16
Burundi,BDI,1997,0.09
Burundi,BDI,1998,0.08
Burundi,BDI,1999,0.11
Burundi,BDI,2000,0.08
Burundi,BDI,2001,0.05
Burundi,BDI,2002,0.07
Burundi,BDI,2003,0.2
Burundi,BDI,2004,0.37
Burundi,BDI,2005,0.23
Burundi,BDI,2006,0.15
Burundi,BDI,2007,0.33
Burundi,BDI,2008,0.35
Burundi,BDI,2009,0.13
Burundi,BDI,2010,0.19
Burundi,BDI,2011,0.05
Burundi,BDI,2012,0.06
Cabo Verde,,1993,0.02
Cabo Verde,,1994,0.05
Cabo Verde,,1995,0.02
Cabo Verde,,1996,0.01
Cabo Verde,,1997,0.04
Cabo Verde,,1998,0.15
Cabo Verde,,1999,0.24
Cabo Verde,,2000,0.15
Cabo Verde,,2001,0.1
Cameroon,CMR,1990,0.3
Cameroon,CMR,1991,0.07
Cameroon,CMR,1992,0.42
Cameroon,CMR,1995,0.01
Cameroon,CMR,1996,0.03
Cameroon,CMR,1997,0.09
Cameroon,CMR,1998,0.04
Cameroon,CMR,1999,0.09
Cameroon,CMR,2000,0.08
Cameroon,CMR,2001,0.1
Cameroon,CMR,2002,0.85
Cameroon,CMR,2003,1.03
Cameroon,CMR,2004,0.97
Cameroon,CMR,2005,0.87
Cameroon,CMR,2006,1.06
Cameroon,CMR,2007,1.09
Cameroon,CMR,2008,0.99
Cameroon,CMR,2009,0.88
Cameroon,CMR,2010,1.22
Cameroon,CMR,2011,1.42
Canada,CAN,1990,0.57
Canada,CAN,1994,0.56
Canada,CAN,1999,0.85
Canada,CAN,2000,0.76
Canada,CAN,2001,0.74
Canada,CAN,2002,0.66
Canada,CAN,2003,0.68
Canada,CAN,2004,0.69
Canada,CAN,2005,0.7
Canada,CAN,2006,0.72
Canada,CAN,2008,1.09
Canada,CAN,2010,1.26
Canada,CAN,2011,1.3
Canada,CAN,2012,1.45
Central African Republic,CAF,1992,0
Central African Republic,CAF,1993,0
Central African Republic,CAF,1994,0
Central African Republic,CAF,1995,0.01
Chad,TCD,1990,0.02
Chad,TCD,1991,0.02
Chad,TCD,1992,0.01
Chad,TCD,1993,0
Chad,TCD,1994,0
Chad,TCD,1995,0
Chad,TCD,1996,0
Chad,TCD,1997,0.01
Chile,CHL,1990,2.42
Chile,CHL,1991,2.78
Chile,CHL,1992,3.73
Chile,CHL,1993,3.86
Chile,CHL,1994,3.86
Chile,CHL,1995,4.86
Chile,CHL,1996,5.89
Chile,CHL,1997,6.67
Chile,CHL,1998,6.93
Chile,CHL,1999,7.22
Chile,CHL,2002,8.66
Chile,CHL,2003,11.01
Chile,CHL,2004,5.08
Chile,CHL,2005,13.89
Chile,CHL,2006,14.85
Chile,CHL,2007,15.73
Chile,CHL,2008,18.41
Chile,CHL,2009,17.44
Chile,CHL,2010,17.1
Chile,CHL,2011,12.69
Chile,CHL,2012,14.22
Chile,CHL,2013,16.13
Chile,CHL,2014,15.6
China,CHN,1990,0
China,CHN,1991,5.74
China,CHN,1992,6.07
China,CHN,1993,6.46
China,CHN,1994,7.48
China,CHN,1995,8.31
China,CHN,1996,8.79
China,CHN,1997,9.17
China,CHN,1998,9.42
China,CHN,1999,10.16
China,CHN,2000,9.91
China,CHN,2001,10.03
China,CHN,2002,10.45
China,CHN,2003,10.76
China,CHN,2004,11.22
China,CHN,2005,11.71
China,CHN,2006,12.66
China,CHN,2007,13.32
China,CHN,2008,13.72
China,CHN,2009,14.02
China,CHN,2010,14.41
China,CHN,2011,14.65
China,CHN,2012,14.82
China,CHN,2013,14.79
China,CHN,2014,14.82
"China, Hong Kong SAR",,1990,16.43
"China, Hong Kong SAR",,1991,13.57
"China, Hong Kong SAR",,1992,12
"China, Hong Kong SAR",,1993,10.57
"China, Hong Kong SAR",,1994,10.14
"China, Hong Kong SAR",,1995,6.43
"China, Hong Kong SAR",,2000,7.83
"China, Hong Kong SAR",,2001,8.83
"China, Hong Kong SAR",,2002,14
"China, Hong Kong SAR",,2003,15
"China, Hong Kong SAR",,2004,8.5
"China, Hong Kong SAR",,2005,7.5
"China, Hong Kong SAR",,2006,9.6
"China, Hong Kong SAR",,2007,9
"China, Hong Kong SAR",,2008,11
"China, Hong Kong SAR",,2009,9.2
"China, Hong Kong SAR",,2010,9.11
"China, Hong Kong SAR",,2011,14
"China, Hong Kong SAR",,2012,13.66
"China, Hong Kong SAR",,2013,13.9
"China, Hong Kong SAR",,2014,14.15
"China, Taiwan Province of",,1996,11.42
"China, Taiwan Province of",,1997,10.83
"China, Taiwan Province of",,1998,10.4
"China, Taiwan Province of",,1999,13.38
"China, Taiwan Province of",,2000,10.58
"China, Taiwan Province of",,2001,9.98
"China, Taiwan Province of",,2002,12.45
"China, Taiwan Province of",,2003,12.02
"China, Taiwan Province of",,2004,11.61
"China, Taiwan Province of",,2005,11.08
"China, Taiwan Province of",,2006,10.86
"China, Taiwan Province of",,2007,11.49
"China, Taiwan Province of",,2008,10.68
"China, Taiwan Province of",,2009,10.54
"China, Taiwan Province of",,2010,9.66
"China, Taiwan Province of",,2011,10.22
"China, Taiwan Province of",,2012,11.7
"China, Taiwan Province of",,2013,12.04
"China, Taiwan Province of",,2014,10.78
"China, mainland",,1991,5.78
"China, mainland",,1992,6.11
"China, mainland",,1993,6.5
"China, mainland",,1994,7.53
"China, mainland",,1995,8.36
"China, mainland",,1996,8.77
"China, mainland",,1997,9.16
"China, mainland",,1998,9.41
"China, mainland",,1999,10.14
"China, mainland",,2000,9.91
"China, mainland",,2001,10.03
"China, mainland",,2002,10.44
"China, mainland",,2003,10.75
"China, mainland",,2004,11.21
"China, mainland",,2005,11.72
"China, mainland",,2006,12.67
"China, mainland",,2007,13.33
"China, mainland",,2008,13.74
"China, mainland",,2009,14.04
"China, mainland",,2010,14.44
"China, mainland",,2011,14.68
"China, mainland",,2012,14.84
"China, mainland",,2013,14.8
"China, mainland",,2014,14.85
Colombia,COL,1990,3.64
Colombia,COL,1991,3.53
Colombia,COL,1992,3.14
Colombia,COL,1993,3.12
Colombia,COL,1994,3.59
Colombia,COL,1995,4.57
Colombia,COL,1996,4.43
Colombia,COL,1997,3.76
Colombia,COL,1998,13.86
Colombia,COL,1999,15.14
Colombia,COL,2000,16.69
Colombia,COL,2001,20.68
Colombia,COL,2002,22.49
Colombia,COL,2003,23.68
Colombia,COL,2004,28.46
Colombia,COL,2005,32.63
Colombia,COL,2006,29.18
Colombia,COL,2007,23.09
Colombia,COL,2008,14.02
Colombia,COL,2009,15.34
Colombia,COL,2010,14.5
Colombia,COL,2011,15.78
Colombia,COL,2012,14.11
Colombia,COL,2013,15.82
Colombia,COL,2014,20.79
Comoros,COM,2000,0.01
Comoros,COM,2006,0
Comoros,COM,2007,0
Comoros,COM,2008,0
Comoros,COM,2009,0
Congo,COG,1990,0.05
Congo,COG,1991,0.06
Congo,COG,1993,0.08
Congo,COG,1994,0.02
Congo,COG,1995,0.02
Congo,COG,1996,0.03
Congo,COG,2009,0
Congo,COG,2010,0
Cook Islands,COK,1990,0.17
Cook Islands,COK,1991,0.17
Cook Islands,COK,1992,0.2
Cook Islands,COK,1993,0.2
Cook Islands,COK,1994,0
Cook Islands,COK,1995,0.14
Cook Islands,COK,1996,0.18
Cook Islands,COK,1997,0.33
Cook Islands,COK,1998,0.32
Cook Islands,COK,1999,0.3
Cook Islands,COK,2000,0.31
Cook Islands,COK,2002,0.64
Cook Islands,COK,2003,0.82
Cook Islands,COK,2004,0.92
Cook Islands,COK,2005,1.11
Cook Islands,COK,2006,1.3
Cook Islands,COK,2007,1.48
Cook Islands,COK,2008,1.89
Cook Islands,COK,2009,2.06
Costa Rica,CRI,1993,13.25
Costa Rica,CRI,1995,10.47
Costa Rica,CRI,1996,21.92
Costa Rica,CRI,1997,33.22
Costa Rica,CRI,1998,16.12
Costa Rica,CRI,1999,33.78
Costa Rica,CRI,2000,52.79
Costa Rica,CRI,2001,21.84
Costa Rica,CRI,2002,22.7
Costa Rica,CRI,2003,21.28
Costa Rica,CRI,2004,21.98
Costa Rica,CRI,2005,22.32
Costa Rica,CRI,2006,21.76
Costa Rica,CRI,2007,25.49
Costa Rica,CRI,2008,26.63
Costa Rica,CRI,2009,23.22
Costa Rica,CRI,2010,26.37
Costa Rica,CRI,2011,23.42
Cote d'Ivoire,CIV,1993,0
Cote d'Ivoire,CIV,1994,0.02
Cote d'Ivoire,CIV,1995,0.02
Cote d'Ivoire,CIV,1996,0.01
Croatia,HRV,1992,1.74
Croatia,HRV,1995,2.77
Croatia,HRV,1996,2.83
Croatia,HRV,2004,2.37
Croatia,HRV,2005,2.17
Croatia,HRV,2006,2.25
Croatia,HRV,2007,2.16
Croatia,HRV,2008,2.52
Croatia,HRV,2009,2.16
Croatia,HRV,2010,1.56
Croatia,HRV,2013,1.96
Croatia,HRV,2014,2.48
Cyprus,CYP,1990,13.95
Cyprus,CYP,1991,12.7
Cyprus,CYP,1992,10.9
Cyprus,CYP,1993,13.21
Cyprus,CYP,1994,17.81
Cyprus,CYP,1995,14.39
Cyprus,CYP,1996,17.02
Cyprus,CYP,1997,15.76
Cyprus,CYP,2000,3.81
Cyprus,CYP,2001,4.52
Cyprus,CYP,2002,7.01
Cyprus,CYP,2003,4.71
Cyprus,CYP,2004,4.19
Cyprus,CYP,2005,3.73
Cyprus,CYP,2006,5.21
Cyprus,CYP,2007,3.41
Cyprus,CYP,2008,3.91
Cyprus,CYP,2009,5.73
Cyprus,CYP,2010,5.51
Cyprus,CYP,2011,4.98
Cyprus,CYP,2012,6.36
Cyprus,CYP,2014,9.84
Czech Republic,CZE,1993,1.04
Czech Republic,CZE,1994,1.06
Czech Republic,CZE,1995,1.11
Czech Republic,CZE,1996,1.09
Czech Republic,CZE,1997,1.23
Czech Republic,CZE,1998,1.3
Czech Republic,CZE,1999,1.27
Czech Republic,CZE,2000,1.37
Czech Republic,CZE,2001,1.4
Czech Republic,CZE,2002,1.51
Czech Republic,CZE,2003,1.39
Czech Republic,CZE,2004,1.62
Czech Republic,CZE,2005,1.64
Czech Republic,CZE,2006,1.74
Czech Republic,CZE,2007,1.89
Czech Republic,CZE,2008,1.67
Czech Republic,CZE,2009,1.5
Czech Republic,CZE,2010,1.59
Czech Republic,CZE,2011,1.64
Czech Republic,CZE,2012,1.65
Czech Republic,CZE,2013,1.6
Czech Republic,CZE,2014,1.45
Denmark,DNK,1990,2.2
Denmark,DNK,1991,1.81
Denmark,DNK,1992,1.79
Denmark,DNK,1993,1.61
Denmark,DNK,1994,1.65
Denmark,DNK,1995,2.17
Denmark,DNK,1996,1.58
Denmark,DNK,1997,1.55
Denmark,DNK,1998,1.53
Denmark,DNK,1999,1.25
Denmark,DNK,2000,1.39
Denmark,DNK,2001,1.44
Denmark,DNK,2002,1.26
Denmark,DNK,2003,1.3
Denmark,DNK,2004,1.27
Denmark,DNK,2005,1.39
Denmark,DNK,2006,1.37
Denmark,DNK,2007,1.44
Denmark,DNK,2008,1.72
Denmark,DNK,2009,1.16
Denmark,DNK,2010,1.61
Denmark,DNK,2011,1.7
Denmark,DNK,2012,2.36
Denmark,DNK,2013,1.64
Denmark,DNK,2014,0.71
Dominican Republic,DOM,1994,3.69
Dominican Republic,DOM,1995,2.51
Dominican Republic,DOM,1996,2.54
Dominican Republic,DOM,1997,2.96
Dominican Republic,DOM,1998,3.34
Dominican Republic,DOM,1999,4.25
Dominican Republic,DOM,2000,3.86
Dominican Republic,DOM,2001,5.45
Dominican Republic,DOM,2003,0.69
Dominican Republic,DOM,2004,3.04
Dominican Republic,DOM,2005,2.88
Dominican Republic,DOM,2006,3.37
Dominican Republic,DOM,2007,4.66
Dominican Republic,DOM,2008,4.51
Dominican Republic,DOM,2009,4.98
Dominican Republic,DOM,2010,5.26
Ecuador,ECU,1990,0.87
Ecuador,ECU,1991,0.79
Ecuador,ECU,1992,0.67
Ecuador,ECU,1993,0.62
Ecuador,ECU,1994,0.88
Ecuador,ECU,1995,0.89
Ecuador,ECU,1996,0.8
Ecuador,ECU,1997,2.53
Ecuador,ECU,1998,7.16
Ecuador,ECU,1999,4.77
Ecuador,ECU,2000,6.02
Ecuador,ECU,2001,2.62
Ecuador,ECU,2002,0.5
Ecuador,ECU,2003,12.32
Ecuador,ECU,2004,11.81
Ecuador,ECU,2005,7.33
Ecuador,ECU,2006,3.25
Ecuador,ECU,2007,5.86
Ecuador,ECU,2008,6.16
Ecuador,ECU,2009,3.79
Ecuador,ECU,2010,12.27
Ecuador,ECU,2011,6.91
Ecuador,ECU,2012,4.53
Ecuador,ECU,2013,2.43
Ecuador,ECU,2014,4.45
Egypt,EGY,1990,4.99
Egypt,EGY,1991,3.12
Egypt,EGY,1992,2.05
Egypt,EGY,1993,1.29
Egypt,EGY,2005,1.55
Egypt,EGY,2006,2.77
Egypt,EGY,2007,2.57
Egypt,EGY,2008,2.69
Egypt,EGY,2009,2.44
Egypt,EGY,2010,3.16
Egypt,EGY,2011,3.58
Egypt,EGY,2012,3.79
Egypt,EGY,2013,3.63
Egypt,EGY,2014,3.03
El Salvador,SLV,1990,3.12
El Salvador,SLV,1991,4.95
El Salvador,SLV,2005,2.07
El Salvador,SLV,2006,2.7
El Salvador,SLV,2007,2.24
El Salvador,SLV,2008,4.27
El Salvador,SLV,2009,3.67
El Salvador,SLV,2010,4.01
El Salvador,SLV,2011,3.57
El Salvador,SLV,2012,2.78
El Salvador,SLV,2013,6.35
El Salvador,SLV,2014,5.84
Eritrea,ERI,1996,0.01
Eritrea,ERI,1997,0.08
Eritrea,ERI,1998,0.04
Eritrea,ERI,2001,0.05
Estonia,EST,1992,0.42
Estonia,EST,1993,0.16
Estonia,EST,1994,0.18
Estonia,EST,1995,0.17
Estonia,EST,1996,0.15
Estonia,EST,1997,0.22
Estonia,EST,1998,0.22
Estonia,EST,1999,0.21
Estonia,EST,2000,0.37
Estonia,EST,2001,0.47
Estonia,EST,2002,0.52
Estonia,EST,2003,0.58
Estonia,EST,2004,0.66
Estonia,EST,2005,0.64
Estonia,EST,2006,0.8
Estonia,EST,2007,0.76
Estonia,EST,2008,0.91
Estonia,EST,2009,0.67
Estonia,EST,2010,0.79
Estonia,EST,2011,0.72
Estonia,EST,2012,0.88
Estonia,EST,2013,0.89
Estonia,EST,2014,0.91
Ethiopia,ETH,1995,0.02
Ethiopia,ETH,1996,0.04
Ethiopia,ETH,1998,0.04
Ethiopia,ETH,2000,0.06
Ethiopia,ETH,2001,0.06
Ethiopia,ETH,2005,0.1
Ethiopia,ETH,2006,0.18
Ethiopia,ETH,2007,0.17
Ethiopia,ETH,2008,0.16
Ethiopia,ETH,2009,0.25
Ethiopia,ETH,2010,0.26
Fiji,FJI,1990,1.89
Fiji,FJI,1991,5.63
Fiji,FJI,1992,1.62
Fiji,FJI,2008,6.66
Fiji,FJI,2009,8.54
Fiji,FJI,2010,8.48
Fiji,FJI,2011,8.64
Fiji,FJI,2012,9.65
Fiji,FJI,2013,9.22
Finland,FIN,1990,0.88
Finland,FIN,1991,0.76
Finland,FIN,1992,0.6
Finland,FIN,1993,0.53
Finland,FIN,1994,0.54
Finland,FIN,1995,0.49
Finland,FIN,1996,0.43
Finland,FIN,1997,0.47
Finland,FIN,1998,0.54
Finland,FIN,1999,0.52
Finland,FIN,2000,0.52
Finland,FIN,2001,0.65
Finland,FIN,2002,0.73
Finland,FIN,2003,0.75
Finland,FIN,2004,0.67
Finland,FIN,2005,0.64
Finland,FIN,2006,0.73
Finland,FIN,2007,0.65
Finland,FIN,2008,0.72
Finland,FIN,2009,0.75
Finland,FIN,2010,0.77
Finland,FIN,2011,0.76
Finland,FIN,2012,0.69
Finland,FIN,2013,0.66
Finland,FIN,2014,0.72
France,FRA,1990,5.14
France,FRA,1991,5.43
France,FRA,1992,4.47
France,FRA,1993,4.78
France,FRA,1994,4.64
France,FRA,1995,4.34
France,FRA,1996,5.05
France,FRA,1997,5.65
France,FRA,1998,5.54
France,FRA,1999,5.88
France,FRA,2000,5.02
France,FRA,2001,5.12
France,FRA,2002,4.23
France,FRA,2003,3.83
France,FRA,2004,3.91
France,FRA,2005,4.02
France,FRA,2006,3.68
France,FRA,2007,3.99
France,FRA,2008,1.41
France,FRA,2009,1.17
France,FRA,2010,1.17
France,FRA,2011,3.18
France,FRA,2012,3.31
France,FRA,2013,3.45
France,FRA,2014,3.9
French Polynesia,PYF,2002,1.65
French Polynesia,PYF,2004,1.89
French Polynesia,PYF,2005,2.21
French Polynesia,PYF,2006,1.81
French Polynesia,PYF,2007,1.95
French Polynesia,PYF,2008,2.15
French Polynesia,PYF,2009,1.85
French Polynesia,PYF,2010,1.13
French Polynesia,PYF,2011,1.69
French Polynesia,PYF,2012,1.14
French Polynesia,PYF,2013,1.01
French Polynesia,PYF,2014,1.45
Gambia,GMB,1992,0.2
Gambia,GMB,1993,0.12
Gambia,GMB,1994,0.01
Gambia,GMB,1995,0.04
Gambia,GMB,1996,0.04
Gambia,GMB,2000,0.96
Gambia,GMB,2001,0.78
Gambia,GMB,2002,0.88
Gambia,GMB,2003,1.13
Gambia,GMB,2004,1.77
Gambia,GMB,2005,2.46
Gambia,GMB,2006,6.92
Gambia,GMB,2007,1.91
Germany,DEU,1990,2.52
Germany,DEU,1991,2.71
Germany,DEU,1992,2.52
Germany,DEU,1993,2.11
Germany,DEU,1994,2.19
Germany,DEU,1995,2.49
Germany,DEU,1996,2.63
Germany,DEU,1997,2.52
Germany,DEU,1998,2.76
Germany,DEU,1999,2.49
Germany,DEU,2000,2.93
Germany,DEU,2001,2.78
Germany,DEU,2002,2.87
Germany,DEU,2003,2.95
Germany,DEU,2004,2.89
Germany,DEU,2005,3.01
Germany,DEU,2006,3.19
Germany,DEU,2007,3.37
Germany,DEU,2008,3.58
Germany,DEU,2009,3.24
Germany,DEU,2010,3.39
Germany,DEU,2011,3.62
Germany,DEU,2012,3.78
Germany,DEU,2013,3.62
Germany,DEU,2014,3.8
Ghana,GHA,1995,0.01
Ghana,GHA,1996,0.32
Ghana,GHA,1997,0.09
Ghana,GHA,1998,0.05
Ghana,GHA,1999,0.02
Ghana,GHA,2000,0.01
Ghana,GHA,2001,0.01
Ghana,GHA,2002,0.48
Ghana,GHA,2004,0.64
Ghana,GHA,2005,0.68
Ghana,GHA,2006,3.42
Ghana,GHA,2007,0.65
Ghana,GHA,2008,1.77
Ghana,GHA,2009,2.01
Greece,GRC,1991,1.88
Greece,GRC,1992,2
Greece,GRC,1993,2.25
Greece,GRC,1994,1.62
Greece,GRC,1995,1.71
Greece,GRC,1996,1.87
Greece,GRC,1997,2.37
Greece,GRC,1998,2.76
Greece,GRC,1999,2.49
Greece,GRC,2000,2.76
Greece,GRC,2001,2.78
Greece,GRC,2002,3.08
Greece,GRC,2003,2.9
Greece,GRC,2004,3.08
Greece,GRC,2005,3.2
Greece,GRC,2006,2.02
Greece,GRC,2007,1.98
Greece,GRC,2008,1.39
Greece,GRC,2009,0.92
Greece,GRC,2010,1.51
Greece,GRC,2011,2.21
Greece,GRC,2012,2.18
Greece,GRC,2013,2.16
Greece,GRC,2014,2.54
Guatemala,GTM,1996,6.28
Guatemala,GTM,2000,4.92
Guatemala,GTM,2003,4.19
Guatemala,GTM,2004,5.2
Guatemala,GTM,2005,6.03
Guatemala,GTM,2006,6.77
Guatemala,GTM,2007,9.13
Guatemala,GTM,2008,7.98
Guatemala,GTM,2009,6.01
Guatemala,GTM,2010,6.88
Guatemala,GTM,2011,7.76
Guatemala,GTM,2012,9.45
Guatemala,GTM,2013,10.07
Guinea,GIN,1992,0.02
Guinea,GIN,1993,0.01
Guinea,GIN,1994,0.01
Guinea,GIN,1995,0.05
Guinea,GIN,1996,0.05
Guinea,GIN,1997,0.05
Guinea,GIN,2009,0.13
Guinea,GIN,2013,0.23
Guinea,GIN,2014,0.11
Guinea-Bissau,GNB,1990,0.09
Guinea-Bissau,GNB,1991,0.1
Guinea-Bissau,GNB,1992,0.01
Guinea-Bissau,GNB,1993,0.06
Guinea-Bissau,GNB,1999,0
Guinea-Bissau,GNB,2001,0.15
Guyana,GUY,2004,0.61
Guyana,GUY,2005,0.6
Guyana,GUY,2006,0.77
Guyana,GUY,2007,0.55
Guyana,GUY,2008,0.52
Guyana,GUY,2009,0.59
Guyana,GUY,2010,0.47
Guyana,GUY,2011,0.89
Guyana,GUY,2012,0.95
Guyana,GUY,2013,0.8
Haiti,HTI,1990,0.02
Haiti,HTI,1991,0.02
Haiti,HTI,1992,0.01
Haiti,HTI,1993,0.01
Haiti,HTI,1994,0.01
Haiti,HTI,1995,0.01
Haiti,HTI,1996,0.01
Haiti,HTI,1997,0.01
Haiti,HTI,1998,0.02
Haiti,HTI,1999,0.02
Haiti,HTI,2000,0.02
Honduras,HND,1990,5.27
Honduras,HND,1991,3.81
Honduras,HND,1992,5.77
Honduras,HND,1993,3.36
Honduras,HND,1994,3
Honduras,HND,1995,4
Honduras,HND,1996,3.31
Honduras,HND,1997,3.72
Honduras,HND,1998,1.86
Honduras,HND,1999,1.31
Honduras,HND,2000,3.07
Honduras,HND,2001,0.8
Honduras,HND,2006,2.94
Honduras,HND,2007,3.62
Honduras,HND,2008,3.59
Honduras,HND,2009,3.02
Honduras,HND,2010,3.9
Honduras,HND,2011,4.3
Honduras,HND,2012,4.88
Hungary,HUN,1990,2.41
Hungary,HUN,1991,1.53
Hungary,HUN,1992,1.16
Hungary,HUN,1993,2.05
Hungary,HUN,1994,1.92
Hungary,HUN,1995,1.53
Hungary,HUN,1996,1.38
Hungary,HUN,1997,0.88
Hungary,HUN,1998,1.05
Hungary,HUN,1999,0.91
Hungary,HUN,2000,0.86
Hungary,HUN,2001,1.14
Hungary,HUN,2002,1.72
Hungary,HUN,2003,1.82
Hungary,HUN,2004,2.07
Hungary,HUN,2005,2.01
Hungary,HUN,2006,2.4
Hungary,HUN,2007,2.33
Hungary,HUN,2008,2.53
Hungary,HUN,2009,2.33
Hungary,HUN,2010,2.25
Hungary,HUN,2011,1.85
Hungary,HUN,2012,1.78
Hungary,HUN,2013,1.69
Hungary,HUN,2014,1.96
Iceland,ISL,1999,0.02
Iceland,ISL,2000,0.03
Iceland,ISL,2001,0.04
Iceland,ISL,2002,0.03
Iceland,ISL,2003,0.03
Iceland,ISL,2004,0.05
Iceland,ISL,2005,0.04
Iceland,ISL,2006,0.04
Iceland,ISL,2007,0.04
Iceland,ISL,2008,0.05
Iceland,ISL,2009,0.04
Iceland,ISL,2010,0.02
Iceland,ISL,2011,0.03
Iceland,ISL,2012,0.03
Iceland,ISL,2013,0.02
Iceland,ISL,2014,0.03
India,IND,1990,0.44
India,IND,1991,0.42
India,IND,1992,0.42
India,IND,1993,0.39
India,IND,1994,0.36
India,IND,1995,0.36
India,IND,1996,0.33
India,IND,1997,0.31
India,IND,1998,0.29
India,IND,1999,0.27
India,IND,2003,0.24
India,IND,2004,0.21
India,IND,2005,0.21
India,IND,2006,0.22
India,IND,2007,0.16
India,IND,2008,0.09
India,IND,2009,0.17
India,IND,2010,0.24
Indonesia,IDN,1990,0.08
Indonesia,IDN,1991,0.11
Indonesia,IDN,1992,0.03
Indonesia,IDN,1993,0.05
Iran,IRN,1990,0.65
Iran,IRN,1991,0.91
Iran,IRN,1992,0.64
Iran,IRN,1993,0.51
Iran,IRN,1994,0.55
Iran,IRN,1995,0.47
Iran,IRN,1996,0.29
Iran,IRN,2000,1.56
Iran,IRN,2001,1.41
Iran,IRN,2002,1.46
Iran,IRN,2003,1.52
Iran,IRN,2004,1.47
Iran,IRN,2005,1.17
Iran,IRN,2006,1.21
Iran,IRN,2007,0.84
Iran,IRN,2008,0.46
Iran,IRN,2009,0.41
Iran,IRN,2011,0.51
Iran,IRN,2012,0.88
Iran,IRN,2013,0.76
Iraq,IRQ,1994,0.13
Iraq,IRQ,1995,0.16
Iraq,IRQ,1996,0.12
Iraq,IRQ,1997,0.18
Iraq,IRQ,1998,0.15
Iraq,IRQ,1999,0.11
Iraq,IRQ,2000,0.13
Iraq,IRQ,2001,0.19
Iraq,IRQ,2002,0.18
Iraq,IRQ,2004,0.18
Iraq,IRQ,2005,0.16
Iraq,IRQ,2006,0.17
Iraq,IRQ,2007,0.21
Iraq,IRQ,2013,0.41
Ireland,IRL,1994,1.98
Ireland,IRL,1995,2.08
Ireland,IRL,1996,1.48
Ireland,IRL,1997,2.12
Ireland,IRL,1998,2.07
Ireland,IRL,1999,1.79
Ireland,IRL,2000,1.8
Ireland,IRL,2001,1.96
Ireland,IRL,2002,2.22
Ireland,IRL,2003,2.3
Ireland,IRL,2004,2.47
Ireland,IRL,2005,2.21
Ireland,IRL,2006,2.39
Ireland,IRL,2007,2.9
Ireland,IRL,2008,2.53
Ireland,IRL,2009,2.08
Ireland,IRL,2010,2.5
Ireland,IRL,2011,3.45
Ireland,IRL,2012,2.5
Ireland,IRL,2013,2.65
Ireland,IRL,2014,2.84
Israel,ISR,1998,5.95
Israel,ISR,2008,19.45
Israel,ISR,2009,17.42
Israel,ISR,2010,18.44
Italy,ITA,1990,8.4
Italy,ITA,1991,7.5
Italy,ITA,1992,7.59
Italy,ITA,1993,7.85
Italy,ITA,1994,7.29
Italy,ITA,1995,7.7
Italy,ITA,1996,6.78
Italy,ITA,1997,7.73
Italy,ITA,1998,7.55
Italy,ITA,1999,7.14
Italy,ITA,2000,7.04
Italy,ITA,2001,6.82
Italy,ITA,2002,8.65
Italy,ITA,2003,8.17
Italy,ITA,2004,7.96
Italy,ITA,2005,8.19
Italy,ITA,2006,7.49
Italy,ITA,2007,8.29
Italy,ITA,2008,7.93
Italy,ITA,2009,7.41
Italy,ITA,2010,7.34
Italy,ITA,2011,7.53
Italy,ITA,2012,6.36
Italy,ITA,2013,5.96
Italy,ITA,2014,6.45
Jamaica,JAM,1994,9.76
Jamaica,JAM,1995,9.97
Jamaica,JAM,1996,11.44
Jamaica,JAM,1997,6.34
Japan,JPN,2000,16.53
Japan,JPN,2001,16.43
Japan,JPN,2002,14.75
Japan,JPN,2003,14.33
Japan,JPN,2004,13.72
Japan,JPN,2005,13.6
Japan,JPN,2006,13.97
Japan,JPN,2007,13.15
Japan,JPN,2008,12.69
Japan,JPN,2009,13.23
Japan,JPN,2010,12.1
Japan,JPN,2011,11.36
Japan,JPN,2012,12.03
Japan,JPN,2013,11.64
Japan,JPN,2014,11.85
Jordan,JOR,1990,2.95
Jordan,JOR,1991,4.22
Jordan,JOR,1992,4.14
Jordan,JOR,1993,2.63
Jordan,JOR,1995,2.36
Jordan,JOR,1996,3.5
Jordan,JOR,1997,3.24
Jordan,JOR,1998,3.07
Jordan,JOR,1999,1.9
Jordan,JOR,2000,1.99
Jordan,JOR,2001,4.64
Jordan,JOR,2002,9.47
Jordan,JOR,2003,8.94
Jordan,JOR,2004,5.33
Jordan,JOR,2005,10.78
Jordan,JOR,2006,7.71
Jordan,JOR,2007,10.66
Jordan,JOR,2008,5.61
Jordan,JOR,2009,3.6
Jordan,JOR,2010,4.74
Jordan,JOR,2011,4.6
Kazakhstan,KAZ,1994,0.49
Kazakhstan,KAZ,1995,0.39
Kazakhstan,KAZ,1996,0.39
Kazakhstan,KAZ,1997,0.25
Kazakhstan,KAZ,2000,0.1
Kazakhstan,KAZ,2001,0.1
Kazakhstan,KAZ,2002,0.12
Kazakhstan,KAZ,2003,0.13
Kazakhstan,KAZ,2004,0.13
Kazakhstan,KAZ,2005,0.13
Kazakhstan,KAZ,2006,0.14
Kazakhstan,KAZ,2007,0.19
Kazakhstan,KAZ,2008,0.25
Kazakhstan,KAZ,2009,0.3
Kazakhstan,KAZ,2010,0.22
Kazakhstan,KAZ,2011,0.36
Kazakhstan,KAZ,2012,0.29
Kazakhstan,KAZ,2013,0.3
Kazakhstan,KAZ,2014,0.38
Kenya,KEN,1994,0.58
Kenya,KEN,1995,0.78
Kenya,KEN,1996,1.23
Kenya,KEN,1997,0.98
Kenya,KEN,2000,0.37
Kenya,KEN,2001,0.28
Kuwait,KWT,1995,2.33
Kuwait,KWT,1996,2.57
Kuwait,KWT,1997,2.86
Kuwait,KWT,1998,4.57
Kyrgyzstan,KGZ,1992,1.74
Kyrgyzstan,KGZ,2000,0.48
Kyrgyzstan,KGZ,2001,0.43
Kyrgyzstan,KGZ,2002,0.52
Kyrgyzstan,KGZ,2003,0.92
Kyrgyzstan,KGZ,2004,0.94
Kyrgyzstan,KGZ,2005,0.8
Kyrgyzstan,KGZ,2006,0.59
Kyrgyzstan,KGZ,2007,0.76
Kyrgyzstan,KGZ,2008,0.49
Kyrgyzstan,KGZ,2009,0.2
Kyrgyzstan,KGZ,2010,0.26
Kyrgyzstan,KGZ,2011,0.23
Kyrgyzstan,KGZ,2012,0.27
Laos,LAO,1992,0.02
Laos,LAO,1993,0.05
Laos,LAO,1997,0
Laos,LAO,1998,0
Laos,LAO,2000,0
Laos,LAO,2006,0
Laos,LAO,2007,0
Laos,LAO,2008,0
Laos,LAO,2009,0.02
Laos,LAO,2010,0
Laos,LAO,2011,0.03
Laos,LAO,2012,0.03
Laos,LAO,2013,0.08
Laos,LAO,2014,0
Latvia,LVA,1992,0.59
Latvia,LVA,1993,0.28
Latvia,LVA,1994,0.17
Latvia,LVA,1995,0.35
Latvia,LVA,1996,0.34
Latvia,LVA,1997,0.31
Latvia,LVA,1998,0.34
Latvia,LVA,2000,0.29
Latvia,LVA,2001,0.38
Latvia,LVA,2002,0.34
Latvia,LVA,2003,0.49
Latvia,LVA,2004,0.58
Latvia,LVA,2005,0.65
Latvia,LVA,2006,0.61
Latvia,LVA,2007,0.93
Latvia,LVA,2008,0.88
Latvia,LVA,2009,0.75
Latvia,LVA,2010,0.87
Latvia,LVA,2011,0.92
Latvia,LVA,2012,1.18
Latvia,LVA,2013,1.03
Latvia,LVA,2014,1.17
Lebanon,LBN,1996,3.84
Lebanon,LBN,1997,5.64
Lesotho,LSO,2004,0
Lesotho,LSO,2005,0
Lesotho,LSO,2006,0.02
Lesotho,LSO,2007,0.11
Lesotho,LSO,2008,0.1
Lesotho,LSO,2009,0.23
Lesotho,LSO,2010,0.25
Lesotho,LSO,2011,0.56
Lesotho,LSO,2012,0.95
Lesotho,LSO,2013,0.25
Libya,LBY,1996,0.04
Libya,LBY,1997,0.11
Libya,LBY,2005,3.99
Libya,LBY,2006,2.32
Libya,LBY,2007,1.52
Libya,LBY,2008,1.83
Libya,LBY,2009,2.9
Libya,LBY,2010,1.73
Lithuania,LTU,1992,0.47
Lithuania,LTU,1993,0.33
Lithuania,LTU,1994,0.27
Lithuania,LTU,1995,0.25
Lithuania,LTU,1996,0.34
Lithuania,LTU,1997,0.32
Lithuania,LTU,1998,0.28
Lithuania,LTU,1999,0.23
Lithuania,LTU,2000,0.24
Lithuania,LTU,2001,0.43
Lithuania,LTU,2002,0.47
Lithuania,LTU,2003,0.54
Lithuania,LTU,2004,0.62
Lithuania,LTU,2005,0.54
Lithuania,LTU,2006,0.63
Lithuania,LTU,2007,1.46
Lithuania,LTU,2008,1.44
Lithuania,LTU,2009,1.32
Lithuania,LTU,2010,0.84
Lithuania,LTU,2011,0.93
Lithuania,LTU,2012,1.12
Lithuania,LTU,2013,1.08
Lithuania,LTU,2014,1.07
Macedonia,MKD,1992,1.47
Macedonia,MKD,1993,0.99
Macedonia,MKD,1994,0.82
Macedonia,MKD,1995,0.87
Macedonia,MKD,1996,0.84
Macedonia,MKD,1997,0.78
Macedonia,MKD,1998,0.83
Macedonia,MKD,2000,0.49
Macedonia,MKD,2001,0.29
Macedonia,MKD,2002,0.44
Macedonia,MKD,2003,0.41
Macedonia,MKD,2004,0.51
Macedonia,MKD,2005,0.31
Macedonia,MKD,2006,0.69
Macedonia,MKD,2007,0.25
Macedonia,MKD,2008,0.18
Macedonia,MKD,2009,0.22
Madagascar,MDG,1990,0.04
Madagascar,MDG,1991,0.04
Madagascar,MDG,1992,0.03
Madagascar,MDG,1993,0.03
Madagascar,MDG,1994,0.02
Madagascar,MDG,1995,0.02
Madagascar,MDG,1996,0.04
Madagascar,MDG,1997,0.04
Madagascar,MDG,1998,0.03
Madagascar,MDG,1999,0.01
Madagascar,MDG,2000,0.04
Madagascar,MDG,2001,0.02
Madagascar,MDG,2002,0.07
Madagascar,MDG,2003,0.04
Madagascar,MDG,2004,0.02
Madagascar,MDG,2005,0.03
Madagascar,MDG,2006,0.03
Madagascar,MDG,2007,0.03
Madagascar,MDG,2008,0.03
Madagascar,MDG,2009,0.04
Madagascar,MDG,2010,0.06
Madagascar,MDG,2011,0.08
Madagascar,MDG,2012,0.09
Madagascar,MDG,2013,0.12
Madagascar,MDG,2014,0.11
Malawi,MWI,1997,0.2
Malawi,MWI,1998,0.15
Malawi,MWI,1999,0.14
Malawi,MWI,2000,0.22
Malawi,MWI,2004,0.02
Malawi,MWI,2005,0.09
Malawi,MWI,2006,0.06
Malawi,MWI,2007,0.17
Malawi,MWI,2008,0.17
Malawi,MWI,2009,0.2
Malawi,MWI,2010,0.15
Malawi,MWI,2011,0.15
Malawi,MWI,2012,0.2
Malawi,MWI,2013,0.38
Malawi,MWI,2014,0.6
Malaysia,MYS,2006,5.77
Malaysia,MYS,2007,6.76
Malaysia,MYS,2008,7.93
Malaysia,MYS,2009,7.48
Malaysia,MYS,2010,8.38
Malaysia,MYS,2011,5.67
Malaysia,MYS,2012,6.52
Malaysia,MYS,2013,8.13
Malaysia,MYS,2014,6.51
Maldives,MDV,2011,6.42
Maldives,MDV,2012,9.59
Maldives,MDV,2013,34.23
Maldives,MDV,2014,52.65
Mali,MLI,1990,0.37
Mali,MLI,1991,0.21
Mali,MLI,1992,0.13
Mali,MLI,2005,0.01
Mali,MLI,2006,0.01
Mali,MLI,2007,0.01
Mali,MLI,2008,0.01
Mali,MLI,2009,0
Mali,MLI,2010,0
Mali,MLI,2011,0
Mali,MLI,2012,0
Malta,MLT,1993,25.11
Malta,MLT,1994,34.4
Malta,MLT,1995,19.12
Malta,MLT,1996,14
Malta,MLT,1997,25.84
Malta,MLT,1998,28.98
Malta,MLT,1999,15.42
Malta,MLT,2000,20.21
Malta,MLT,2001,11.18
Malta,MLT,2007,12.97
Malta,MLT,2014,12.22
Mauritania,MRT,2001,0.08
Mauritania,MRT,2002,0.01
Mauritania,MRT,2003,0.01
Mauritania,MRT,2004,1.71
Mauritania,MRT,2005,0
Mauritania,MRT,2006,0
Mauritania,MRT,2007,0.02
Mauritania,MRT,2008,0.04
Mauritania,MRT,2009,0.01
Mauritania,MRT,2010,0.15
Mauritania,MRT,2011,0.03
Mauritania,MRT,2012,0.06
Mauritius,MUS,1990,8.55
Mauritius,MUS,1994,13.1
Mauritius,MUS,1995,15.26
Mauritius,MUS,1996,13.95
Mauritius,MUS,1997,16.89
Mauritius,MUS,1998,16.34
Mauritius,MUS,1999,16.37
Mauritius,MUS,2000,17.37
Mauritius,MUS,2001,19.79
Mauritius,MUS,2002,21.06
Mauritius,MUS,2003,24.15
Mauritius,MUS,2004,22.77
Mauritius,MUS,2005,24.06
Mauritius,MUS,2006,27.44
Mauritius,MUS,2007,23.12
Mauritius,MUS,2008,26.77
Mauritius,MUS,2009,27.67
Mauritius,MUS,2010,28.37
Mauritius,MUS,2011,27.71
Mauritius,MUS,2012,26.07
Mauritius,MUS,2013,28.27
Mauritius,MUS,2014,27.19
Mexico,MEX,2000,2.45
Mexico,MEX,2001,2.14
Mexico,MEX,2002,1.12
Mexico,MEX,2003,1.59
Mexico,MEX,2004,1.79
Mexico,MEX,2005,3.43
Mexico,MEX,2006,3.37
Mexico,MEX,2007,4.35
Mexico,MEX,2008,4.14
Mexico,MEX,2009,4.16
Mexico,MEX,2010,4.35
Mexico,MEX,2011,4.62
Mexico,MEX,2012,4.51
Mexico,MEX,2013,4.32
Mexico,MEX,2014,3.85
Moldova,MDA,1992,1.32
Moldova,MDA,1993,1.14
Moldova,MDA,2000,1.33
Moldova,MDA,2001,1.34
Moldova,MDA,2002,1.22
Moldova,MDA,2003,1.27
Moldova,MDA,2004,1.36
Moldova,MDA,2005,1.12
Moldova,MDA,2006,1.16
Moldova,MDA,2007,1.2
Moldova,MDA,2008,1.38
Moldova,MDA,2009,1.09
Moldova,MDA,2010,1.17
Moldova,MDA,2011,1.16
Moldova,MDA,2012,1.1
Moldova,MDA,2013,1.14
Montenegro,MNE,2008,0
Montenegro,MNE,2009,0
Montenegro,MNE,2010,0.35
Montenegro,MNE,2011,0.4
Montenegro,MNE,2012,0.38
Montenegro,MNE,2013,6.55
Montenegro,MNE,2014,6.55
Morocco,MAR,1990,0.99
Morocco,MAR,2004,1.67
Morocco,MAR,2005,1.55
Morocco,MAR,2006,1.53
Mozambique,MOZ,1994,0.03
Mozambique,MOZ,1995,0.02
Mozambique,MOZ,1996,0.02
Mozambique,MOZ,1997,0.01
Mozambique,MOZ,2002,0
Mozambique,MOZ,2003,0.06
Mozambique,MOZ,2004,0.12
Mozambique,MOZ,2005,0.15
Mozambique,MOZ,2006,0.17
Mozambique,MOZ,2007,0.1
Mozambique,MOZ,2008,0.16
Mozambique,MOZ,2009,0.16
Mozambique,MOZ,2010,0.2
Mozambique,MOZ,2011,0.13
Myanmar,MMR,1990,0.02
Myanmar,MMR,1991,0.01
Myanmar,MMR,1992,0.02
Myanmar,MMR,1993,0.02
Myanmar,MMR,1994,0.02
Myanmar,MMR,1995,0.03
Myanmar,MMR,1996,0.01
Myanmar,MMR,1997,0.01
Myanmar,MMR,2001,0.07
Myanmar,MMR,2002,0.09
Myanmar,MMR,2003,0.08
Myanmar,MMR,2004,0.1
Myanmar,MMR,2005,0.13
Myanmar,MMR,2006,0.34
Myanmar,MMR,2007,0.29
Myanmar,MMR,2008,0.12
Myanmar,MMR,2009,0.09
Myanmar,MMR,2010,0.27
Myanmar,MMR,2011,0.38
Myanmar,MMR,2012,0.25
Myanmar,MMR,2013,0.24
Myanmar,MMR,2014,0.45
Namibia,NAM,1990,0.06
Namibia,NAM,1991,0.06
Namibia,NAM,1992,0.07
Namibia,NAM,1993,0.08
Nepal,NPL,1995,0.03
Nepal,NPL,2004,0.06
Nepal,NPL,2005,0.05
Nepal,NPL,2006,0.05
Nepal,NPL,2007,0.14
Nepal,NPL,2008,0.15
Nepal,NPL,2009,0.09
Nepal,NPL,2010,0.14
Nepal,NPL,2011,0.15
Nepal,NPL,2012,0.18
Nepal,NPL,2013,0.2
Netherlands,NLD,1990,10.7
Netherlands,NLD,1991,10.25
Netherlands,NLD,1992,9.79
Netherlands,NLD,1993,11.37
Netherlands,NLD,1994,9.4
Netherlands,NLD,1995,13.76
Netherlands,NLD,1996,9.6
Netherlands,NLD,1997,11.3
Netherlands,NLD,1998,12.5
Netherlands,NLD,1999,11.75
Netherlands,NLD,2000,12.06
Netherlands,NLD,2001,10.05
Netherlands,NLD,2002,10.22
Netherlands,NLD,2003,10.18
Netherlands,NLD,2004,9.2
Netherlands,NLD,2005,9.37
Netherlands,NLD,2006,9.49
Netherlands,NLD,2007,11.04
Netherlands,NLD,2008,9.78
Netherlands,NLD,2009,9.04
Netherlands,NLD,2010,9.05
Netherlands,NLD,2011,10.51
Netherlands,NLD,2012,10.84
Netherlands,NLD,2013,9.98
Netherlands,NLD,2014,9.86
New Caledonia,NCL,2009,2.66
New Caledonia,NCL,2010,3.08
New Caledonia,NCL,2011,2.54
New Caledonia,NCL,2012,2.64
New Caledonia,NCL,2013,2.14
New Caledonia,NCL,2014,0.86
New Zealand,NZL,1990,1.3
New Zealand,NZL,1991,1.45
New Zealand,NZL,1992,1.65
New Zealand,NZL,1993,1.77
New Zealand,NZL,1994,2.01
New Zealand,NZL,1995,2.4
New Zealand,NZL,1996,2.18
New Zealand,NZL,1997,2.03
New Zealand,NZL,1998,1.91
New Zealand,NZL,1999,1.58
New Zealand,NZL,2000,2.34
New Zealand,NZL,2001,2.14
New Zealand,NZL,2002,7.81
New Zealand,NZL,2003,8.28
New Zealand,NZL,2004,8.39
New Zealand,NZL,2005,8.32
New Zealand,NZL,2006,9.5
New Zealand,NZL,2007,9.88
New Zealand,NZL,2008,11.22
New Zealand,NZL,2009,9.38
Nicaragua,NIC,1992,0.38
Nicaragua,NIC,1993,0.63
Nicaragua,NIC,1994,0.51
Nicaragua,NIC,1995,0.47
Nicaragua,NIC,1998,2.15
Nicaragua,NIC,1999,1.97
Nicaragua,NIC,2000,1.83
Nicaragua,NIC,2001,1.66
Nicaragua,NIC,2002,2.52
Nicaragua,NIC,2003,2.42
Nicaragua,NIC,2004,2.06
Nicaragua,NIC,2005,4.1
Nicaragua,NIC,2006,3.2
Nicaragua,NIC,2007,4.7
Nicaragua,NIC,2008,5.1
Nicaragua,NIC,2009,4.83
Nicaragua,NIC,2010,6.7
Nicaragua,NIC,2011,2.74
Nicaragua,NIC,2012,2.41
Niger,NER,1995,0
Niger,NER,1996,0
Niger,NER,1997,0
Niger,NER,1998,0
Niger,NER,1999,0
Niger,NER,2000,0
Niger,NER,2001,0
Niger,NER,2005,0
Niger,NER,2006,0
Niger,NER,2007,0
Niger,NER,2008,0
Niger,NER,2009,0
Niger,NER,2010,0
Niger,NER,2011,0
Niger,NER,2012,0
Norway,NOR,1990,1.37
Norway,NOR,1991,0.85
Norway,NOR,1992,0.87
Norway,NOR,1993,0.84
Norway,NOR,1994,0.94
Norway,NOR,1995,0.92
Norway,NOR,1996,0.7
Norway,NOR,1997,0.82
Norway,NOR,1998,1.03
Norway,NOR,1999,0.9
Norway,NOR,2000,0.39
Norway,NOR,2001,0.58
Norway,NOR,2002,0.91
Norway,NOR,2003,0.76
Norway,NOR,2004,0.95
Norway,NOR,2005,0.6
Norway,NOR,2006,0.81
Norway,NOR,2007,0.84
Norway,NOR,2008,0.94
Norway,NOR,2009,0.64
Norway,NOR,2010,0.84
Norway,NOR,2011,1
Norway,NOR,2012,1
Norway,NOR,2013,0.94
Norway,NOR,2014,1.01
Oman,OMN,1990,0.81
Oman,OMN,1991,0.55
Oman,OMN,1992,3.06
Oman,OMN,1994,2.35
Oman,OMN,1996,2.62
Oman,OMN,1997,10.66
Oman,OMN,1998,9.02
Oman,OMN,2000,1.33
Oman,OMN,2010,4.59
Oman,OMN,2011,6.68
Oman,OMN,2012,5.64
Pakistan,PAK,1990,0.18
Pakistan,PAK,1991,0.2
Pakistan,PAK,1992,0.18
Pakistan,PAK,1993,0.16
Pakistan,PAK,1994,0.2
Pakistan,PAK,1995,0.25
Pakistan,PAK,1996,0.38
Pakistan,PAK,1997,0.53
Pakistan,PAK,1998,0.58
Pakistan,PAK,1999,0.64
Pakistan,PAK,2000,0.88
Pakistan,PAK,2001,0.37
Pakistan,PAK,2013,0
Palestine,PSE,2002,14.79
Palestine,PSE,2003,14.67
Palestine,PSE,2004,14.7
Palestine,PSE,2005,14.99
Palestine,PSE,2006,15.92
Palestine,PSE,2007,16.01
Palestine,PSE,2008,17.35
Panama,PAN,1997,9.68
Panama,PAN,1998,4.73
Panama,PAN,2000,2.83
Panama,PAN,2001,8.06
Panama,PAN,2002,6.66
Panama,PAN,2003,7.67
Panama,PAN,2004,7.95
Panama,PAN,2005,8.56
Panama,PAN,2006,8.24
Panama,PAN,2007,6.43
Panama,PAN,2011,2.46
Panama,PAN,2012,1.83
Panama,PAN,2013,3.31
Papua New Guinea,PNG,1992,0.16
Papua New Guinea,PNG,1993,0.23
Papua New Guinea,PNG,1994,0.24
Papua New Guinea,PNG,1995,0.14
Paraguay,PRY,1992,1.42
Paraguay,PRY,1997,5.78
Paraguay,PRY,1998,4.15
Paraguay,PRY,1999,1.67
Paraguay,PRY,2000,1.13
Paraguay,PRY,2001,3.31
Paraguay,PRY,2012,8.28
Paraguay,PRY,2013,5.81
Peru,PER,1995,0.7
Peru,PER,1996,0.81
Peru,PER,1997,0.9
Peru,PER,1998,0.88
Peru,PER,1999,0.79
Peru,PER,2000,0.97
Peru,PER,2001,1.61
Peru,PER,2002,1.74
Peru,PER,2003,1.69
Peru,PER,2004,1.87
Peru,PER,2005,2.04
Peru,PER,2006,2.36
Peru,PER,2007,1.74
Peru,PER,2008,2.4
Peru,PER,2009,2.14
Peru,PER,2010,2.89
Peru,PER,2011,2.86
Peru,PER,2012,3.41
Peru,PER,2013,3.22
Peru,PER,2014,3.77
Poland,POL,1991,0.37
Poland,POL,1992,0.5
Poland,POL,1993,0.6
Poland,POL,1994,0.64
Poland,POL,1995,0.49
Poland,POL,1996,0.68
Poland,POL,1997,0.66
Poland,POL,1998,0.6
Poland,POL,1999,0.59
Poland,POL,2000,0.62
Poland,POL,2001,0.64
Poland,POL,2002,0.78
Poland,POL,2003,0.56
Poland,POL,2004,0.67
Poland,POL,2005,1.28
Poland,POL,2006,1.34
Poland,POL,2007,1.53
Poland,POL,2008,1.66
Poland,POL,2009,1.49
Poland,POL,2010,1.73
Poland,POL,2011,1.9
Poland,POL,2012,1.93
Poland,POL,2013,1.98
Poland,POL,2014,2.08
Portugal,PRT,1991,3.04
Portugal,PRT,1992,2.01
Portugal,PRT,1993,3
Portugal,PRT,1994,3.25
Portugal,PRT,1995,4.07
Portugal,PRT,1996,4.56
Portugal,PRT,1997,4.92
Portugal,PRT,1998,5.49
Portugal,PRT,1999,6.35
Portugal,PRT,2000,6.45
Portugal,PRT,2001,6.55
Portugal,PRT,2002,7.34
Portugal,PRT,2003,7.39
Portugal,PRT,2004,7.33
Portugal,PRT,2005,7.97
Portugal,PRT,2006,7.73
Portugal,PRT,2007,8.88
Portugal,PRT,2008,8.79
Portugal,PRT,2009,7.32
Portugal,PRT,2010,7.4
Portugal,PRT,2011,7.57
Portugal,PRT,2012,6.7
Portugal,PRT,2013,5.33
Portugal,PRT,2014,6.84
Qatar,QAT,1993,0.2
Qatar,QAT,1994,0.2
Qatar,QAT,1995,0.27
Qatar,QAT,1996,0.38
Qatar,QAT,2000,4.25
Romania,ROU,1990,2.52
Romania,ROU,1991,1.99
Romania,ROU,1992,1.52
Romania,ROU,1993,2.44
Romania,ROU,1994,2.2
Romania,ROU,1995,2.03
Romania,ROU,1996,1.76
Romania,ROU,1997,1.55
Romania,ROU,1998,1.42
Romania,ROU,1999,1.15
Romania,ROU,2000,0.95
Romania,ROU,2001,0.8
Romania,ROU,2002,0.8
Romania,ROU,2003,0.7
Romania,ROU,2004,0.73
Romania,ROU,2005,0.8
Romania,ROU,2006,0.72
Romania,ROU,2007,0.69
Romania,ROU,2008,0.78
Romania,ROU,2009,0.71
Romania,ROU,2010,0.75
Romania,ROU,2011,0.7
Romania,ROU,2012,0.69
Romania,ROU,2013,0.76
Romania,ROU,2014,0.73
Russia,RUS,1997,0.2
Rwanda,RWA,1990,0.13
Rwanda,RWA,1991,0.09
Rwanda,RWA,1992,0.08
Rwanda,RWA,1997,0.24
Rwanda,RWA,1998,0.15
Rwanda,RWA,2000,0.13
Rwanda,RWA,2001,0.06
Rwanda,RWA,2003,0.1
Rwanda,RWA,2004,0.12
Rwanda,RWA,2005,0.17
Rwanda,RWA,2006,0.21
Rwanda,RWA,2007,0.29
Rwanda,RWA,2008,0.24
Rwanda,RWA,2009,0.87
Rwanda,RWA,2010,0.69
Rwanda,RWA,2011,0.13
Rwanda,RWA,2012,0.66
Rwanda,RWA,2013,1.29
Rwanda,RWA,2014,1.47
Saint Kitts and Nevis,KNA,2000,1.45
Saint Kitts and Nevis,KNA,2001,1.41
Saint Kitts and Nevis,KNA,2002,1.59
Saint Kitts and Nevis,KNA,2003,1.68
Saint Kitts and Nevis,KNA,2004,1.78
Saint Kitts and Nevis,KNA,2005,3.16
Saint Kitts and Nevis,KNA,2006,3.13
Saint Kitts and Nevis,KNA,2007,3.07
Saint Kitts and Nevis,KNA,2008,3.65
Saint Kitts and Nevis,KNA,2009,3.59
Saint Kitts and Nevis,KNA,2010,3.18
Saint Kitts and Nevis,KNA,2011,2.9
Saint Kitts and Nevis,KNA,2012,0.39
Saint Kitts and Nevis,KNA,2013,0.18
Saint Kitts and Nevis,KNA,2014,0.31
Saint Lucia,LCA,1997,6.3
Saint Lucia,LCA,1998,3.5
Saint Lucia,LCA,1999,14
Samoa,WSM,1991,0.92
Samoa,WSM,1992,0.72
Samoa,WSM,1993,0.47
Samoa,WSM,1994,0.99
Samoa,WSM,1995,0.9
Samoa,WSM,1996,0.48
Samoa,WSM,1997,0.61
Samoa,WSM,1998,0.25
Samoa,WSM,1999,0.21
Samoa,WSM,2000,0.15
Saudi Arabia,SAU,1996,0.26
Saudi Arabia,SAU,1997,0.66
Saudi Arabia,SAU,2007,1.15
Saudi Arabia,SAU,2012,1.49
Saudi Arabia,SAU,2013,1.64
Senegal,SEN,1992,0.12
Senegal,SEN,1993,0.11
Senegal,SEN,1994,0.17
Senegal,SEN,1995,0.14
Senegal,SEN,1996,0.13
Senegal,SEN,1997,0.15
Senegal,SEN,1998,0.16
Senegal,SEN,2000,0.15
Senegal,SEN,2001,0.09
Senegal,SEN,2012,0.23
Senegal,SEN,2013,0.22
Senegal,SEN,2014,0.19
Serbia and Montenegro,OWID_SRM,1992,0.81
Serbia and Montenegro,OWID_SRM,1993,1.14
Serbia and Montenegro,OWID_SRM,1994,1.05
Serbia and Montenegro,OWID_SRM,1995,0.9
Serbia and Montenegro,OWID_SRM,1996,0.89
Serbia and Montenegro,OWID_SRM,1997,0.84
Serbia and Montenegro,OWID_SRM,1998,0.87
Serbia and Montenegro,OWID_SRM,1999,0.91
Serbia and Montenegro,OWID_SRM,2000,0.85
Serbia and Montenegro,OWID_SRM,2001,0.91
Serbia and Montenegro,OWID_SRM,2002,0.81
Serbia and Montenegro,OWID_SRM,2003,0.72
Serbia and Montenegro,OWID_SRM,2004,0.74
Seychelles,SYC,1990,2.57
Seychelles,SYC,1991,2.27
Seychelles,SYC,1992,2.16
Seychelles,SYC,1993,7.69
Seychelles,SYC,1994,8.21
Seychelles,SYC,1995,8.92
Seychelles,SYC,1996,8.68
Seychelles,SYC,1997,6.08
Seychelles,SYC,1998,4.69
Slovakia,SVK,1993,2.41
Slovakia,SVK,1994,2.58
Slovakia,SVK,1995,3.83
Slovakia,SVK,1996,2.44
Slovakia,SVK,1997,2.03
Slovakia,SVK,1998,2.25
Slovakia,SVK,1999,1.78
Slovakia,SVK,2000,0.93
Slovakia,SVK,2001,1.05
Slovakia,SVK,2002,1.14
Slovakia,SVK,2003,1.05
Slovakia,SVK,2004,1.11
Slovakia,SVK,2005,1.09
Slovakia,SVK,2006,1.13
Slovakia,SVK,2007,1.14
Slovakia,SVK,2008,1.07
Slovakia,SVK,2009,1.18
Slovakia,SVK,2010,1.33
Slovakia,SVK,2011,1
Slovakia,SVK,2012,1.11
Slovakia,SVK,2013,1.13
Slovakia,SVK,2014,1.2
Slovenia,SVN,1992,5.55
Slovenia,SVN,1993,4.73
Slovenia,SVN,1994,4.1
Slovenia,SVN,1995,4.31
Slovenia,SVN,1996,4.25
Slovenia,SVN,1997,6.07
Slovenia,SVN,1998,5.37
Slovenia,SVN,1999,5.61
Slovenia,SVN,2000,7.2
Slovenia,SVN,2001,6.83
Slovenia,SVN,2002,5.88
Slovenia,SVN,2003,6.74
Slovenia,SVN,2004,7.6
Slovenia,SVN,2005,6.78
Slovenia,SVN,2006,6.22
Slovenia,SVN,2007,5.75
Slovenia,SVN,2008,5.22
Slovenia,SVN,2009,4.95
Slovenia,SVN,2010,4.8
Slovenia,SVN,2011,4.74
Slovenia,SVN,2012,4.31
Slovenia,SVN,2013,3.86
Slovenia,SVN,2014,4.25
South Africa,ZAF,1994,1.2
South Africa,ZAF,1995,1.3
South Africa,ZAF,1996,1.39
South Africa,ZAF,1997,1.54
South Africa,ZAF,1998,1.73
South Africa,ZAF,1999,1.85
South Africa,ZAF,2000,1.89
South Korea,KOR,1990,11.89
South Korea,KOR,1991,13.14
South Korea,KOR,1992,12.91
South Korea,KOR,1993,12.65
South Korea,KOR,1994,12.88
South Korea,KOR,1995,13.02
South Korea,KOR,1996,12.66
South Korea,KOR,1997,12.9
South Korea,KOR,1998,11.57
South Korea,KOR,1999,13.61
South Korea,KOR,2000,13.39
South Korea,KOR,2001,14.94
South Korea,KOR,2002,13.87
South Korea,KOR,2003,13.33
South Korea,KOR,2004,13.79
South Korea,KOR,2005,13.44
South Korea,KOR,2006,13.38
South Korea,KOR,2007,13.62
South Korea,KOR,2008,14.42
South Korea,KOR,2009,13.12
South Korea,KOR,2010,11.91
South Korea,KOR,2011,11.27
South Korea,KOR,2012,10.08
South Korea,KOR,2013,10.93
South Korea,KOR,2014,11.7
Spain,ESP,1990,1.96
Spain,ESP,1991,1.95
Spain,ESP,1992,1.6
Spain,ESP,1993,1.5
Spain,ESP,1994,1.6
Spain,ESP,1995,1.49
Spain,ESP,1996,1.74
Spain,ESP,1997,1.79
Spain,ESP,1998,1.89
Spain,ESP,1999,1.83
Spain,ESP,2000,1.89
Spain,ESP,2001,1.98
Spain,ESP,2002,2.28
Spain,ESP,2003,2.31
Spain,ESP,2004,2.64
Spain,ESP,2005,2.3
Spain,ESP,2006,2.26
Spain,ESP,2007,2.26
Spain,ESP,2008,2.36
Spain,ESP,2009,2.04
Spain,ESP,2010,2.27
Spain,ESP,2011,3.15
Spain,ESP,2012,2.77
Spain,ESP,2013,3.16
Spain,ESP,2014,3.55
Sri Lanka,LKA,1990,0.83
Sri Lanka,LKA,1991,0.74
Sri Lanka,LKA,1992,1.13
Sri Lanka,LKA,1993,0.93
Sri Lanka,LKA,1994,0.99
Sri Lanka,LKA,1995,0.92
Sri Lanka,LKA,1996,0.88
Sri Lanka,LKA,1997,0.86
Sri Lanka,LKA,1998,0.81
Sri Lanka,LKA,1999,0.93
Sri Lanka,LKA,2000,0.89
Sri Lanka,LKA,2006,0.88
Sri Lanka,LKA,2007,0.74
Sri Lanka,LKA,2008,0.53
Sri Lanka,LKA,2009,0.57
Sri Lanka,LKA,2010,0.67
Sri Lanka,LKA,2011,0.56
Sri Lanka,LKA,2012,0.49
Sri Lanka,LKA,2013,0.54
Sri Lanka,LKA,2014,0.41
Sudan,SDN,2012,0.12
Sudan (former),,1992,0.13
Sudan (former),,1993,0.03
Sudan (former),,1994,0.07
Sudan (former),,1995,0.08
Sudan (former),,1996,0.08
Sudan (former),,1997,0.07
Sudan (former),,2000,0.02
Sudan (former),,2005,0.08
Sudan (former),,2006,0.07
Sudan (former),,2007,0.05
Sudan (former),,2008,0.07
Sudan (former),,2009,0.12
Sudan (former),,2010,0.14
Suriname,SUR,1990,3.19
Suriname,SUR,1991,3.04
Suriname,SUR,1995,2.49
Suriname,SUR,1996,2.09
Suriname,SUR,1997,2.07
Suriname,SUR,2000,2.63
Suriname,SUR,2002,11.44
Suriname,SUR,2003,12.94
Suriname,SUR,2004,11.94
Suriname,SUR,2005,14.16
Suriname,SUR,2006,12.48
Suriname,SUR,2007,15.82
Suriname,SUR,2008,17.11
Suriname,SUR,2009,15.46
Suriname,SUR,2010,12.76
Suriname,SUR,2011,14.86
Suriname,SUR,2012,11.12
Suriname,SUR,2013,8.14
Suriname,SUR,2014,8.77
Sweden,SWE,1990,0.81
Sweden,SWE,1991,0.66
Sweden,SWE,1992,0.54
Sweden,SWE,1993,0.53
Sweden,SWE,1994,0.71
Sweden,SWE,1995,0.44
Sweden,SWE,1996,0.54
Sweden,SWE,1997,0.55
Sweden,SWE,1998,0.56
Sweden,SWE,1999,0.58
Sweden,SWE,2000,0.64
Sweden,SWE,2001,0.66
Sweden,SWE,2002,0.82
Sweden,SWE,2003,0.96
Sweden,SWE,2004,0.51
Sweden,SWE,2005,0.79
Sweden,SWE,2006,0.83
Sweden,SWE,2007,0.81
Sweden,SWE,2008,0.89
Sweden,SWE,2009,0.73
Sweden,SWE,2010,0.75
Sweden,SWE,2011,0.68
Sweden,SWE,2012,0.7
Sweden,SWE,2013,0.62
Sweden,SWE,2014,0.72
Switzerland,CHE,1990,5.34
Switzerland,CHE,1991,4.77
Switzerland,CHE,1992,4.7
Switzerland,CHE,1993,4.47
Switzerland,CHE,1994,4.34
Switzerland,CHE,1995,4.1
Switzerland,CHE,1996,3.93
Switzerland,CHE,1997,3.75
Switzerland,CHE,1998,3.58
Switzerland,CHE,1999,3.52
Switzerland,CHE,2000,3.64
Switzerland,CHE,2001,3.6
Switzerland,CHE,2002,3.53
Switzerland,CHE,2003,3.43
Switzerland,CHE,2004,3.24
Switzerland,CHE,2005,3.23
Switzerland,CHE,2006,3.16
Switzerland,CHE,2007,4.88
Switzerland,CHE,2008,4.68
Switzerland,CHE,2009,5.05
Switzerland,CHE,2010,4.81
Switzerland,CHE,2011,4.98
Switzerland,CHE,2012,4.85
Switzerland,CHE,2013,4.9
Switzerland,CHE,2014,4.82
Syria,SYR,1997,0.39
Syria,SYR,1998,0.84
Syria,SYR,1999,0.76
Syria,SYR,2000,0.61
Syria,SYR,2001,0.63
Tajikistan,TJK,1993,2.28
Tajikistan,TJK,1994,0.74
Tajikistan,TJK,1995,0.06
Tajikistan,TJK,1996,0.9
Tajikistan,TJK,2004,0.26
Tajikistan,TJK,2005,0.27
Tajikistan,TJK,2006,0.28
Tajikistan,TJK,2007,0.28
Tajikistan,TJK,2008,0.29
Tajikistan,TJK,2009,0.29
Tajikistan,TJK,2010,0.3
Tajikistan,TJK,2011,0.3
Tanzania,TZA,1993,0
Tanzania,TZA,1994,0.07
Tanzania,TZA,1995,0.06
Tanzania,TZA,1996,0
Tanzania,TZA,1997,0
Tanzania,TZA,1998,0
Thailand,THA,1993,0.92
Thailand,THA,1994,1.01
Thailand,THA,1995,1.18
Thailand,THA,1996,1.09
Thailand,THA,1997,1.22
Thailand,THA,1998,1
Thailand,THA,1999,1.18
Thailand,THA,2000,1.07
Thailand,THA,2003,2.73
Thailand,THA,2004,4.72
Thailand,THA,2005,2.33
Thailand,THA,2006,2.18
Thailand,THA,2007,3.52
Thailand,THA,2008,3.4
Thailand,THA,2009,3.38
Thailand,THA,2010,3.41
Thailand,THA,2011,4.3
Thailand,THA,2012,3.32
Thailand,THA,2013,0.38
Thailand,THA,2014,1.02
Timor-Leste,,2002,0
Timor-Leste,,2003,0.01
Timor-Leste,,2004,0
Timor-Leste,,2005,0
Timor-Leste,,2007,0.01
Timor-Leste,,2008,0.01
Timor-Leste,,2009,0.01
Togo,TGO,1990,0.15
Togo,TGO,1991,0.1
Togo,TGO,1992,0.09
Togo,TGO,1993,0.09
Togo,TGO,1994,0.09
Togo,TGO,1995,0.09
Togo,TGO,1996,0.08
Togo,TGO,2003,0.17
Togo,TGO,2004,0.24
Togo,TGO,2005,0.09
Togo,TGO,2006,0.12
Togo,TGO,2007,0.11
Togo,TGO,2008,0.09
Togo,TGO,2009,0.07
Togo,TGO,2010,0.09
Togo,TGO,2011,0.05
Togo,TGO,2012,0.11
Togo,TGO,2013,0.11
Togo,TGO,2014,0.25
Tonga,TON,2013,0.39
Tonga,TON,2014,0.52
Trinidad and Tobago,TTO,1990,11.92
Trinidad and Tobago,TTO,1991,14.88
Trinidad and Tobago,TTO,1992,14.51
Trinidad and Tobago,TTO,1993,11.83
Trinidad and Tobago,TTO,2009,1.65
Trinidad and Tobago,TTO,2010,43.13
Trinidad and Tobago,TTO,2011,3.62
Trinidad and Tobago,TTO,2012,44.71
Trinidad and Tobago,TTO,2013,18.23
Trinidad and Tobago,TTO,2014,24.91
Tunisia,TUN,1997,0.18
Tunisia,TUN,2009,0.43
Turkey,TUR,1990,1.08
Turkey,TUR,1991,0.88
Turkey,TUR,1992,0.98
Turkey,TUR,1993,1.02
Turkey,TUR,1994,0.87
Turkey,TUR,1995,1.01
Turkey,TUR,1996,1.12
Turkey,TUR,1997,1.28
Turkey,TUR,1998,1.12
Turkey,TUR,1999,1.23
Turkey,TUR,2000,1.27
Turkey,TUR,2001,0.97
Turkey,TUR,2002,1.05
Turkey,TUR,2003,1.27
Turkey,TUR,2004,1.08
Turkey,TUR,2005,1.52
Turkey,TUR,2006,1.06
Turkey,TUR,2007,1.96
Turkey,TUR,2008,1.54
Turkey,TUR,2009,1.53
Turkey,TUR,2010,1.59
Turkey,TUR,2011,1.7
Turkey,TUR,2012,1.68
Turkey,TUR,2013,1.66
Turkey,TUR,2014,1.66
Turkmenistan,TKM,1992,4.94
Turkmenistan,TKM,1993,5.89
USSR,OWID_USS,1990,0.38
USSR,OWID_USS,1991,0.4
Uganda,UGA,1992,0.01
Uganda,UGA,1993,0.01
Uganda,UGA,1994,0.01
Uganda,UGA,1995,0.01
Ukraine,UKR,1992,1.94
Ukraine,UKR,2003,0.38
Ukraine,UKR,2004,0.46
Ukraine,UKR,2005,0.69
Ukraine,UKR,2006,0.86
Ukraine,UKR,2007,1.09
Ukraine,UKR,2008,1.62
Ukraine,UKR,2009,1.09
Ukraine,UKR,2010,1.87
Ukraine,UKR,2011,2.38
Ukraine,UKR,2012,2.72
Ukraine,UKR,2013,2.6
Ukraine,UKR,2014,2.34
United Kingdom,GBR,1990,4.41
United Kingdom,GBR,1991,4.38
United Kingdom,GBR,1992,4.7
United Kingdom,GBR,1993,5.26
United Kingdom,GBR,1994,5.68
United Kingdom,GBR,1995,5.63
United Kingdom,GBR,1996,5.78
United Kingdom,GBR,1997,5.52
United Kingdom,GBR,1998,5.62
United Kingdom,GBR,1999,5.95
United Kingdom,GBR,2000,5.57
United Kingdom,GBR,2001,5.77
United Kingdom,GBR,2002,5.31
United Kingdom,GBR,2003,5.39
United Kingdom,GBR,2004,5.32
United Kingdom,GBR,2005,5.44
United Kingdom,GBR,2006,3.68
United Kingdom,GBR,2007,3.64
United Kingdom,GBR,2008,3.57
United Kingdom,GBR,2009,3.5
United Kingdom,GBR,2010,2.79
United Kingdom,GBR,2011,2.69
United Kingdom,GBR,2012,2.83
United Kingdom,GBR,2013,2.8
United Kingdom,GBR,2014,2.93
United States,USA,1990,2.14
United States,USA,1991,2.05
United States,USA,1992,2.15
United States,USA,1993,2.12
United States,USA,1994,2.31
United States,USA,1995,2.3
United States,USA,1996,2.39
United States,USA,1997,2.41
United States,USA,1998,2.37
United States,USA,1999,2.44
United States,USA,2000,2.41
United States,USA,2001,2.31
United States,USA,2002,2.37
United States,USA,2003,2.4
United States,USA,2004,2.5
United States,USA,2005,2.39
United States,USA,2006,2.41
United States,USA,2007,2.42
Uruguay,URY,1991,1.36
Uruguay,URY,1992,1.58
Uruguay,URY,1993,1.23
Uruguay,URY,1994,1.7
Uruguay,URY,1995,1.79
Uruguay,URY,1996,2.53
Uruguay,URY,1997,2.44
Uruguay,URY,1998,3.05
Uruguay,URY,1999,2.8
Uruguay,URY,2000,2.58
Uruguay,URY,2001,3.12
Uruguay,URY,2002,3.64
Uruguay,URY,2003,5.22
Uruguay,URY,2004,6.31
Uruguay,URY,2005,6.45
Uruguay,URY,2006,6.41
Uruguay,URY,2007,9.32
Uruguay,URY,2008,7.17
Uruguay,URY,2009,6.05
Uruguay,URY,2010,7.23
Uruguay,URY,2011,7.33
Uruguay,URY,2012,10.72
Uruguay,URY,2013,7.73
Vanuatu,VUT,1990,1.26
Vanuatu,VUT,1991,1.87
Vanuatu,VUT,1992,1.65
Vanuatu,VUT,1993,1.07
Venezuela,VEN,1990,0.5
Venezuela,VEN,1991,0.67
Venezuela,VEN,1992,1.17
Vietnam,VNM,1994,3.07
Vietnam,VNM,1995,3.69
Vietnam,VNM,1996,4.68
Vietnam,VNM,1997,4.58
Vietnam,VNM,1998,2.81
Vietnam,VNM,1999,2.15
Vietnam,VNM,2000,2.03
Vietnam,VNM,2001,2.17
Yemen,YEM,1997,0.41
Yemen,YEM,1998,0.7
Yemen,YEM,1999,0.74
Yemen,YEM,2000,0.77
Yemen,YEM,2002,1.13
Yemen,YEM,2003,0.5
Yemen,YEM,2004,0.39
Yemen,YEM,2005,0.52
Yemen,YEM,2006,0.46
Yemen,YEM,2007,0.12
Yemen,YEM,2008,0.05
Yemen,YEM,2009,0.06
Yemen,YEM,2010,0.08
Yemen,YEM,2011,0.08
Yugoslav SFR,,1990,0.33
Yugoslav SFR,,1991,0.37
Zambia,ZMB,1994,0.38
Zambia,ZMB,1995,0.27
Zambia,ZMB,1996,0.58
Zimbabwe,ZWE,1990,1.9
Zimbabwe,ZWE,1991,2.21
Zimbabwe,ZWE,1992,1.07
Zimbabwe,ZWE,1993,0.55
Zimbabwe,ZWE,1994,0.52
Zimbabwe,ZWE,1995,0.81
Zimbabwe,ZWE,1996,0.73
Zimbabwe,ZWE,1997,0.77
Zimbabwe,ZWE,1998,0.82
Zimbabwe,ZWE,2012,0.82
Zimbabwe,ZWE,2013,0.62
Zimbabwe,ZWE,2014,0.53
